Date,Open,High,Low,Close,Volume,Change
2024-03-18,4370,4620,4365,4490,9250884,0.08062575210589662
2024-03-19,4450,4465,4350,4370,1652933,-0.026726057906458767
2024-03-20,4480,5000,4435,4765,16500438,0.09038901601830673
2024-03-21,4860,5140,4810,5110,7813338,0.07240293809024134
2024-03-22,5020,5330,4995,5130,4825245,0.00391389432485334
2024-03-25,5340,5340,5130,5180,2909919,0.00974658869395717
2024-03-26,5050,5170,4985,5140,2624404,-0.007722007722007707
2024-03-27,5140,5140,4970,5080,1643026,-0.011673151750972721
2024-03-28,5080,5250,4960,5180,2345214,0.019685039370078705
2024-03-29,5160,5360,5070,5300,2591252,0.02316602316602312
2024-04-01,5340,5340,5160,5160,1772885,-0.026415094339622636
2024-04-02,5190,5690,5170,5350,5479271,0.036821705426356655
2024-04-03,5230,5680,5180,5480,5806498,0.024299065420560817
2024-04-04,5800,5890,5510,5660,6199752,0.03284671532846706
2024-04-05,5550,6550,5400,5660,19636464,0.0
2024-04-08,5660,5770,5050,5050,4903209,-0.107773851590106
2024-04-09,5200,5300,4800,5070,4455087,0.003960396039603964
2024-04-11,4965,5230,4945,5230,1775919,0.03155818540433919
2024-04-12,5190,5440,5170,5260,2173513,0.005736137667303964
2024-04-15,5170,5480,5100,5460,2468360,0.03802281368821303
2024-04-16,5550,5630,5200,5300,2712901,-0.02930402930402931
2024-04-17,5450,5480,5240,5400,1759540,0.018867924528301883
2024-04-18,5300,5790,5260,5780,3795355,0.07037037037037042
2024-04-19,5690,5910,5460,5610,3526852,-0.02941176470588236
2024-04-22,5550,5650,5400,5510,1505517,-0.017825311942959
2024-04-23,5620,5770,5590,5650,2432014,0.025408348457350183
2024-04-24,5700,5840,5650,5710,2133172,0.010619469026548645
2024-04-25,5720,6040,5700,5820,4091748,0.019264448336252293
2024-04-26,5850,6020,5830,6000,2488652,0.030927835051546282
2024-04-29,6100,6220,6010,6080,2839576,0.01333333333333342
2024-04-30,6100,6700,6070,6370,14862570,0.047697368421052655
2024-05-02,6320,6870,6300,6670,5637966,0.047095761381475754
2024-05-03,6710,6770,6450,6500,3166525,-0.025487256371814038
2024-05-07,6650,7790,6620,7570,25200314,0.1646153846153846
2024-05-08,7850,7890,6850,7020,15686688,-0.07265521796565388
2024-05-09,6860,7130,6620,7050,5863597,0.004273504273504258
2024-05-10,7000,7050,6660,6700,3791874,-0.049645390070921946
2024-05-13,6720,6850,6450,6590,3121436,-0.016417910447761197
2024-05-14,6730,7180,6660,6900,5810571,0.047040971168436974
2024-05-16,7130,7300,7060,7120,4312168,0.03188405797101446
2024-05-17,7100,7160,6900,7130,2151569,0.001404494382022392
2024-05-20,7160,7430,7120,7240,2529327,0.015427769985974837
2024-05-21,7250,7310,7050,7200,1774312,-0.0055248618784530246
2024-05-22,7290,7650,7190,7530,4552902,0.04583333333333339
2024-05-23,7440,7940,7330,7630,4756116,0.013280212483399723
2024-05-24,7620,7700,6510,6680,6503864,-0.1245085190039319
2024-05-27,6880,7170,6760,7040,3153753,0.05389221556886237
2024-05-28,7110,7430,7070,7210,2314608,0.024147727272727293
2024-05-29,7200,7250,6840,6980,2343359,-0.03190013869625519
2024-05-30,6860,7100,6800,6990,1587353,0.0014326647564470996
2024-05-31,6920,7050,6690,6980,1949418,-0.0014306151645206988
2024-06-03,7040,7380,7030,7300,2523830,0.04584527220630363
2024-06-04,7300,7540,7130,7400,2343484,0.013698630136986356
2024-06-05,7540,7570,6950,7090,2708420,-0.04189189189189191
2024-06-07,7160,7200,7000,7000,1154047,-0.012693935119887145
2024-06-10,7020,7540,7020,7390,3225211,0.055714285714285605
2024-06-11,7430,7500,7270,7300,1745635,-0.012178619756427644
2024-06-12,7360,7360,7030,7120,1416247,-0.024657534246575352
2024-06-13,7210,7540,7200,7470,3047394,0.04915730337078661
2024-06-14,7530,9080,7450,8480,20368083,0.1352074966532797
2024-06-17,8370,8570,8120,8370,3925437,-0.01297169811320753
2024-06-18,8480,9410,8330,9340,9741188,0.11589008363201914
2024-06-19,9300,9660,9150,9460,4349214,0.012847965738758127
2024-06-20,9460,9600,9260,9500,2279157,0.0042283298097252064
2024-06-21,9350,9410,8660,9190,2957966,-0.032631578947368456
2024-06-24,8970,9570,8910,9410,1865826,0.02393906420021752
2024-06-25,9330,9890,9180,9610,2537005,0.02125398512221044
2024-06-26,9630,10350,9620,10110,4161618,0.05202913631633721
2024-06-27,9960,10440,9450,10080,2393251,-0.0029673590504450953
2024-06-28,10050,10500,9900,10040,2096517,-0.003968253968253954
2024-07-01,9960,10400,9860,10000,2174353,-0.003984063745019917
2024-07-02,10160,10480,9620,9800,2875467,-0.020000000000000018
2024-07-03,9820,9980,9250,9500,2276202,-0.030612244897959218
2024-07-04,9570,9620,8880,9290,4214080,-0.02210526315789474
2024-07-05,8840,9250,8320,8390,5075806,-0.09687836383207749
2024-07-08,8400,8780,8310,8370,2207638,-0.0023837902264600697
2024-07-09,8600,9230,8520,8740,4993469,0.044205495818399054
2024-07-10,8690,8690,6800,6800,16151261,-0.22196796338672764
2024-07-11,6710,6750,6250,6410,11389488,-0.057352941176470607
2024-07-12,6300,6450,5950,6020,5383022,-0.060842433697347875
2024-07-15,6030,6210,5880,5980,3574308,-0.006644518272425293
2024-07-16,5930,5960,5600,5720,4270152,-0.04347826086956519
2024-07-17,5720,5730,5160,5300,5905716,-0.07342657342657344
2024-07-18,5120,5490,5030,5390,4714035,0.016981132075471805
2024-07-19,5350,5420,5130,5200,1813257,-0.03525046382189234
2024-07-22,5120,5240,5000,5090,1518070,-0.02115384615384619
2024-07-23,5140,5200,4935,4955,1651139,-0.026522593320235766
2024-07-24,4860,4940,4730,4740,2192351,-0.043390514631685195
2024-07-25,4585,4645,4500,4515,1814428,-0.04746835443037978
2024-07-26,4515,4575,4425,4430,1321466,-0.018826135105204922
2024-07-29,4500,5420,4500,5070,13986904,0.14446952595936802
2024-07-30,4990,5190,4870,4990,2180242,-0.015779092702169595
2024-07-31,5070,5390,4995,5360,3865855,0.07414829659318634
2024-08-01,5500,5540,5270,5390,2695292,0.005597014925373234
2024-08-02,5180,5420,5120,5370,1997859,-0.0037105751391465214
2024-08-05,5200,5250,4225,4545,3313230,-0.15363128491620115
2024-08-06,4585,4995,4565,4825,2045924,0.06160616061606161
2024-08-07,4805,4930,4730,4730,1808872,-0.01968911917098448
2024-08-08,4560,4775,4470,4695,1595365,-0.007399577167019
2024-08-09,4895,5130,4870,4895,1755213,0.04259850905218321
2024-08-12,4955,5060,4925,4940,984302,0.009193054136874323
2024-08-13,4945,4975,4650,4675,1389821,-0.053643724696356254
2024-08-14,4845,5040,4815,4880,1330999,0.04385026737967923
2024-08-16,5130,5280,4970,5030,1784216,0.03073770491803285
2024-08-19,5000,5010,4780,4785,1208750,-0.04870775347912526
2024-08-20,4880,4985,4830,4865,966372,0.016718913270637348
2024-08-21,4795,4805,4680,4740,795748,-0.025693730729701936
2024-08-22,4805,4840,4540,4590,1010053,-0.03164556962025311
2024-08-23,4490,4665,4430,4630,872974,0.008714596949890963
2024-08-26,4700,4705,4480,4500,712772,-0.02807775377969768
2024-08-27,4415,4540,4395,4540,548714,0.008888888888888946
2024-08-28,4555,4560,4410,4460,633816,-0.017621145374449365
2024-08-29,4315,4350,4270,4300,830400,-0.0358744394618834
2024-08-30,4310,4350,4255,4330,615813,0.006976744186046435
2024-09-02,4370,4480,4230,4430,864511,0.023094688221708903
2024-09-03,4450,4710,4305,4320,1865547,-0.02483069977426633
2024-09-04,4090,4155,4040,4050,1018736,-0.0625
2024-09-05,4055,4345,4055,4190,1409887,0.03456790123456788
2024-09-06,4150,4200,3990,4015,948159,-0.0417661097852029
2024-09-09,3910,4270,3905,4235,1525473,0.0547945205479452
2024-09-10,4300,4390,4215,4235,891399,0.0
2024-09-11,4280,4435,4180,4205,1172507,-0.00708382526564344
2024-09-12,4305,4465,4300,4375,2020288,0.04042806183115344
2024-09-13,4450,4450,4235,4355,983274,-0.00457142857142856
2024-09-19,4355,4360,4140,4200,673655,-0.03559127439724452
2024-09-20,4295,4360,4165,4165,733515,-0.008333333333333304
2024-09-23,4240,4360,4215,4315,925511,0.03601440576230486
2024-09-24,4290,4375,4280,4375,497358,0.013904982618771822
2024-09-25,4390,4530,4360,4410,940712,0.008000000000000007
2024-09-26,4530,4590,4460,4545,1040239,0.030612244897959107
2024-09-27,4590,4600,4510,4535,681835,-0.002200220022002153
2024-09-30,4520,4525,4380,4415,495364,-0.026460859977949336
2024-10-02,4325,4420,4250,4335,493230,-0.01812004530011324
2024-10-04,4345,4470,4345,4420,422393,0.019607843137254832
2024-10-07,4455,4630,4390,4625,914839,0.046380090497737614
2024-10-08,4575,4640,4525,4640,664292,0.00324324324324321
2024-10-10,4690,4695,4470,4475,673744,-0.03556034482758619
2024-10-11,4485,4600,4450,4550,562488,0.016759776536312776
2024-10-14,4555,4760,4520,4650,1106255,0.0219780219780219
2024-10-15,4700,4740,4590,4595,617807,-0.011827956989247324
2024-10-16,4505,4525,4445,4460,586626,-0.029379760609357986
2024-10-17,4500,4505,4260,4310,784209,-0.03363228699551568
2024-10-18,4310,4340,4140,4155,635827,-0.03596287703016243
2024-10-21,4155,4205,4090,4170,456352,0.0036101083032491488
2024-10-22,4130,4170,3960,3980,1038728,-0.04556354916067151
2024-10-23,3980,4065,3930,4030,581351,0.012562814070351758
2024-10-24,3995,4000,3695,3720,2086877,-0.07692307692307687
2024-10-25,3740,3775,3675,3715,702548,-0.0013440860215053752
2024-10-28,3700,3840,3700,3835,488475,0.032301480484522305
2024-10-29,3860,3880,3735,3795,561188,-0.010430247718383301
2024-10-30,3815,3875,3725,3740,433954,-0.01449275362318836
2024-10-31,3680,3870,3610,3755,586733,0.00401069518716568
2024-11-01,3715,3770,3650,3650,579582,-0.0279627163781625
2024-11-04,3650,3775,3640,3715,536066,0.017808219178082174
2024-11-05,3715,3745,3640,3660,497118,-0.014804845222072704
2024-11-06,3795,3935,3600,3625,1258544,-0.0095628415300546
2024-11-07,3660,3675,3400,3505,660298,-0.03310344827586209
2024-11-08,3540,3650,3450,3600,483937,0.02710413694721825
2024-11-11,3560,3600,3365,3385,847031,-0.05972222222222223
2024-11-12,3350,3370,3170,3170,1325577,-0.06351550960118169
2024-11-13,3145,3190,3055,3055,997336,-0.0362776025236593
2024-11-14,3040,3290,3040,3050,804023,-0.0016366612111292644
2024-11-15,3000,3140,2990,3105,833035,0.0180327868852459
2024-11-18,3105,3240,3060,3150,634385,0.01449275362318847
2024-11-19,3165,3180,3075,3095,467139,-0.01746031746031751
2024-11-20,3120,3130,3065,3100,329706,0.001615508885298933
2024-11-21,3070,3115,3035,3055,471842,-0.014516129032258074
2024-11-22,3075,3245,3075,3105,908060,0.016366612111292866
2024-11-25,3115,3250,3115,3230,493601,0.040257648953301084
2024-11-26,3230,3235,3175,3205,294726,-0.007739938080495334
2024-11-27,3230,3235,3025,3035,667976,-0.05304212168486744
2024-11-28,3035,3070,3015,3020,425070,-0.0049423393739703725
2024-11-29,3020,3035,2890,2900,759702,-0.039735099337748325
2024-12-02,2935,2995,2805,2805,601371,-0.03275862068965518
2024-12-03,2805,2875,2805,2840,536732,0.012477718360071277
2024-12-04,2710,2810,2695,2725,881832,-0.040492957746478875
2024-12-05,2745,2795,2675,2775,500533,0.0183486238532109
2024-12-06,2775,2790,2540,2650,1097314,-0.04504504504504503
2024-12-09,2585,2600,2360,2360,1082641,-0.10943396226415092
2024-12-10,2385,2600,2380,2595,793878,0.09957627118644075
2024-12-11,2600,2835,2560,2810,1068951,0.08285163776493265
2024-12-12,2845,2865,2755,2815,561966,0.001779359430605032
2024-12-13,2815,2875,2770,2855,328281,0.014209591474245054
2024-12-16,2910,2975,2855,2875,561717,0.007005253940455258
2024-12-17,2860,2990,2845,2940,471411,0.022608695652173827
2024-12-18,2940,3000,2885,2985,518342,0.015306122448979664
2024-12-19,2875,2925,2870,2895,324379,-0.03015075376884424
2024-12-20,2905,2915,2750,2785,416632,-0.03799654576856648
2024-12-23,2800,2920,2715,2880,468828,0.03411131059245953
2024-12-24,2900,2950,2785,2800,382418,-0.02777777777777779
2024-12-26,2830,2915,2595,2690,1041587,-0.03928571428571426
2024-12-27,2645,2775,2645,2680,388751,-0.0037174721189591198
2024-12-30,2665,2735,2610,2705,225177,0.009328358208955168
2025-01-02,2730,2770,2680,2745,297455,0.014787430683918634
2025-01-03,2725,2900,2725,2865,454274,0.04371584699453557
2025-01-06,2900,3015,2900,2995,804088,0.04537521815008727
2025-01-07,3160,3475,3020,3050,7495605,0.01836393989983298
2025-01-08,2995,3130,2940,3105,1136134,0.0180327868852459
2025-01-09,3170,3320,3095,3145,2020948,0.012882447665056418
2025-01-10,3200,3200,3095,3135,612572,-0.0031796502384737746
2025-01-13,3100,3140,3005,3005,473131,-0.04146730462519932
2025-01-14,3050,3140,3045,3105,430440,0.03327787021630613
2025-01-15,3110,3135,3030,3045,328574,-0.019323671497584516
2025-01-16,3115,3145,3045,3050,280677,0.0016420361247948545
2025-01-17,3020,3185,3020,3120,658422,0.022950819672131084
2025-01-20,3160,3220,3090,3150,792067,0.009615384615384581
2025-01-21,3170,3175,3070,3100,417613,-0.015873015873015928
2025-01-22,3145,3145,3055,3100,306243,0.0
2025-01-23,3095,3100,2985,2990,520062,-0.03548387096774197
2025-01-24,3010,3060,2980,2990,333841,0.0
2025-01-31,2955,2970,2850,2865,532716,-0.041806020066889604
2025-02-03,2810,2850,2625,2665,735277,-0.06980802792321117
2025-02-04,2680,2820,2680,2730,476923,0.024390243902439046
2025-02-05,2750,2845,2750,2805,252570,0.027472527472527375
2025-02-06,2835,2940,2795,2935,560501,0.04634581105169344
2025-02-07,3025,3025,2880,2930,717304,-0.0017035775127768327
2025-02-10,2890,3215,2850,3195,1662359,0.09044368600682584
2025-02-11,3245,3290,3155,3195,1564757,0.0
2025-02-12,3195,3215,3100,3100,627003,-0.029733959311424085
2025-02-13,3110,3140,3035,3075,475252,-0.008064516129032251
2025-02-14,3085,3200,3070,3160,684600,0.027642276422764178
2025-02-17,3150,3200,3125,3150,439707,-0.0031645569620253333
2025-02-18,3125,3185,3110,3135,370486,-0.004761904761904745
2025-02-19,3150,3260,3135,3205,1021770,0.022328548644338087
2025-02-20,3220,3220,3045,3065,781909,-0.043681747269890825
2025-02-21,3060,3105,3035,3075,330429,0.0032626427406199365
2025-02-24,3040,3070,3005,3055,440404,-0.006504065040650375
2025-02-25,3085,3090,3000,3000,494072,-0.018003273322422242
2025-02-26,3000,3025,2955,3015,345612,0.004999999999999893
2025-02-27,3000,3045,2920,2935,450435,-0.026533996683250405
2025-02-28,2840,2870,2800,2805,514785,-0.04429301533219765
2025-03-04,2805,2810,2710,2810,335958,0.0017825311942958333
2025-03-05,2810,2880,2800,2875,266487,0.02313167259786475
2025-03-06,2880,2900,2795,2810,433262,-0.022608695652173938
2025-03-07,2800,2835,2755,2755,230202,-0.019572953736654797
2025-03-10,2760,2785,2710,2735,211843,-0.007259528130671544
2025-03-11,2610,2700,2610,2685,409807,-0.018281535648994485
2025-03-12,2705,2785,2695,2785,228567,0.03724394785847296
2025-03-13,2800,2835,2720,2720,226550,-0.02333931777378817
2025-03-14,2720,2815,2720,2815,202363,0.03492647058823528
2025-03-17,2850,2865,2810,2835,212002,0.007104795737122638
2025-03-18,2840,2855,2785,2795,211087,-0.014109347442680775
2025-03-19,2770,2815,2755,2770,307443,-0.008944543828264706
2025-03-20,2785,2825,2715,2735,238196,-0.012635379061371799
2025-03-21,2705,2790,2700,2730,284116,-0.001828153564899404
2025-03-24,2740,2750,2685,2740,258392,0.00366300366300365
2025-03-25,2740,2765,2660,2665,335443,-0.027372262773722622
2025-03-26,2665,2705,2645,2695,263233,0.011257035647279645
2025-03-27,2635,2690,2590,2600,412542,-0.03525046382189234
2025-03-28,2600,2610,2495,2530,450059,-0.02692307692307694
2025-03-31,2465,2490,2380,2395,383184,-0.05335968379446643
2025-04-01,2415,2480,2400,2460,152451,0.02713987473903967
2025-04-02,2480,2660,2405,2425,247479,-0.014227642276422814
2025-04-03,2320,2390,2300,2320,238700,-0.043298969072164906
2025-04-04,2295,2385,2245,2315,373948,-0.0021551724137931494
2025-04-07,2235,2245,2100,2105,410755,-0.09071274298056153
2025-04-08,2150,2190,2090,2125,287639,0.009501187648456089
2025-04-09,2080,2135,2045,2095,280986,-0.014117647058823568
2025-04-10,2240,2245,2155,2205,303018,0.05250596658711215
2025-04-11,2165,2310,2150,2310,265223,0.04761904761904767
2025-04-14,2385,2535,2355,2500,591445,0.08225108225108224
2025-04-15,2555,2570,2465,2510,199135,0.0040000000000000036
2025-04-16,2485,2550,2380,2450,201833,-0.0239043824701195
2025-04-17,2390,2455,2390,2420,186316,-0.01224489795918371
2025-04-18,2440,2460,2400,2460,98890,0.016528925619834656
2025-04-21,2460,2500,2405,2445,207583,-0.0060975609756097615
2025-04-22,2405,2430,2380,2420,132631,-0.010224948875255602
2025-04-23,2465,2505,2440,2495,196866,0.030991735537190035
2025-04-24,2515,2545,2425,2445,259999,-0.02004008016032066
2025-04-25,2500,2515,2465,2480,189053,0.014314928425357865
2025-04-28,2515,2520,2430,2440,185353,-0.016129032258064502
2025-04-29,2440,2500,2415,2480,147597,0.016393442622950838
2025-04-30,2510,2510,2410,2435,148541,-0.01814516129032262
2025-05-02,2410,2450,2405,2425,122158,-0.004106776180698102
2025-05-07,2425,2440,2390,2425,88072,0.0
2025-05-08,2430,2490,2425,2440,115716,0.006185567010309256
2025-05-09,2455,2455,2390,2405,121598,-0.014344262295082011
2025-05-12,2410,2460,2405,2455,213411,0.02079002079002068
2025-05-13,2490,2510,2450,2460,164754,0.0020366598778003286
2025-05-14,2505,2505,2460,2485,126439,0.010162601626016343
2025-05-15,2475,2510,2430,2465,168554,-0.008048289738430636
2025-05-16,2445,2465,2400,2405,151313,-0.024340770791075106
2025-05-19,2390,2405,2315,2330,224385,-0.03118503118503113
2025-05-20,2350,2395,2350,2380,96355,0.02145922746781115
2025-05-21,2370,2400,2360,2370,101651,-0.004201680672268893
2025-05-22,2365,2365,2325,2340,132475,-0.012658227848101222
2025-05-23,2345,2355,2320,2340,108801,0.0
2025-05-26,2340,2400,2330,2370,172577,0.012820512820512775
2025-05-27,2370,2375,2325,2330,105060,-0.016877637130801704
2025-05-28,2375,2380,2340,2360,133300,0.012875536480686733
2025-05-29,2380,2395,2360,2385,100511,0.010593220338983134
2025-05-30,2385,2415,2335,2395,192229,0.004192872117400492
2025-06-02,2400,2410,2365,2380,104429,-0.006263048016701411
2025-06-04,2405,2450,2390,2405,155152,0.010504201680672232
2025-06-05,2420,2500,2415,2495,308979,0.03742203742203731
2025-06-09,2510,2520,2470,2510,197169,0.006012024048096087
2025-06-10,2510,2515,2450,2480,141392,-0.01195219123505975
2025-06-11,2510,2535,2485,2520,185378,0.016129032258064502
2025-06-12,2535,2535,2480,2505,135464,-0.005952380952380931
2025-06-13,2540,2545,2405,2410,271681,-0.03792415169660679
2025-06-16,2400,2415,2365,2415,200191,0.0020746887966804906
2025-06-17,2395,2495,2375,2430,271992,0.006211180124223503
2025-06-18,2430,2475,2410,2470,242254,0.016460905349794164
2025-06-19,2480,2490,2420,2450,184458,-0.0080971659919028
2025-06-20,2435,2475,2410,2455,214834,0.0020408163265306367
2025-06-23,2410,2420,2340,2345,348005,-0.044806517311609007
2025-06-24,2370,2440,2370,2435,318622,0.03837953091684443
2025-06-25,2460,2520,2430,2505,251925,0.028747433264887157
2025-06-26,2530,2530,2455,2505,174331,0.0
2025-06-27,2505,2505,2420,2445,147473,-0.0239520958083832
2025-06-30,2445,2455,2390,2400,142032,-0.018404907975460127
2025-07-01,2400,2430,2390,2395,447224,-0.002083333333333326
2025-07-02,2415,2415,2305,2370,443786,-0.01043841336116913
2025-07-03,2370,2435,2365,2435,239406,0.02742616033755274
2025-07-04,2445,2445,2365,2385,217256,-0.02053388090349073
2025-07-07,2385,2385,2330,2350,178216,-0.014675052410901501
2025-07-08,2335,2365,2305,2325,258632,-0.010638297872340385
2025-07-09,2325,2340,2265,2305,328476,-0.008602150537634357
2025-07-10,2305,2330,2295,2305,187563,0.0
2025-07-11,2310,2370,2310,2350,278864,0.01952277657266821
2025-07-14,2350,2365,2320,2330,206628,-0.008510638297872353
2025-07-15,2350,2395,2300,2365,215032,0.015021459227467782
2025-07-16,2345,2380,2320,2375,179015,0.0042283298097252064
2025-07-17,2375,2385,2315,2350,363895,-0.010526315789473717
2025-07-18,2355,2370,2310,2330,208796,-0.008510638297872353
2025-07-21,2305,2510,2305,2455,1174068,0.05364806866952798
2025-07-22,2460,2460,2370,2385,334871,-0.02851323828920571
2025-07-23,2410,2410,2310,2340,301991,-0.018867924528301883
2025-07-24,2345,2390,2310,2315,225608,-0.010683760683760646
2025-07-25,2320,2340,2290,2290,262380,-0.010799136069114423
2025-07-28,2300,2350,2280,2325,205757,0.015283842794759916
2025-07-29,2325,2325,2270,2280,240175,-0.01935483870967747
2025-07-30,2285,2390,2280,2340,309422,0.026315789473684292
2025-07-31,2360,2365,2310,2320,157664,-0.008547008547008517
2025-08-01,2310,2315,2200,2225,484915,-0.04094827586206895
2025-08-04,2225,2250,2190,2230,245134,0.0022471910112360494
2025-08-05,2240,2285,2235,2265,111408,0.015695067264573925
2025-08-06,2260,2290,2230,2275,132183,0.004415011037527616
2025-08-07,2285,2315,2255,2285,176592,0.00439560439560438
2025-08-08,2285,2380,2285,2325,333227,0.017505470459518557
2025-08-11,2345,2370,2325,2340,159329,0.006451612903225712
2025-08-12,2320,2425,2315,2340,422995,0.0
2025-08-13,2370,2515,2360,2460,1290374,0.05128205128205132
2025-08-14,2430,2460,2385,2390,433915,-0.028455284552845517
2025-08-18,2390,2390,2315,2320,339694,-0.029288702928870314
2025-08-19,2320,2340,2240,2255,339864,-0.028017241379310387
2025-08-20,2230,2230,2175,2215,401929,-0.0177383592017738
2025-08-21,2220,2235,2180,2190,343808,-0.011286681715575675
2025-08-22,2190,2205,2150,2160,479698,-0.013698630136986356
2025-08-25,2170,2240,2170,2230,206249,0.03240740740740744
2025-08-26,2220,2295,2220,2255,214415,0.011210762331838486
2025-08-27,2280,2280,2235,2260,146926,0.0022172949002217113
2025-08-28,2255,2290,2235,2235,162429,-0.011061946902654829
2025-08-29,2245,2275,2210,2210,124205,-0.01118568232662187
2025-09-01,2200,2210,2160,2175,220541,-0.015837104072398245
2025-09-02,2175,2190,2160,2175,174561,0.0
2025-09-03,2175,2230,2160,2210,178485,0.016091954022988464
2025-09-04,2210,2275,2210,2255,259015,0.020361990950226172
2025-09-05,2270,2300,2250,2255,214420,0.0
2025-09-08,2270,2280,2255,2255,295053,0.0
2025-09-09,2270,2320,2260,2315,397698,0.026607538802660757
2025-09-10,2305,2340,2280,2320,593114,0.002159827213822796
2025-09-11,2325,2340,2245,2290,1587884,-0.012931034482758674
2025-09-12,2320,2615,2310,2570,4674996,0.12227074235807867
2025-09-15,2645,2645,2495,2535,1288183,-0.013618677042801508
2025-09-16,2595,2645,2560,2640,1236662,0.041420118343195256
2025-09-17,2625,2730,2592,2620,1144735,-0.007575757575757569
2025-09-18,2615,2750,2580,2695,1082135,0.028625954198473247
2025-09-19,2750,2750,2660,2675,523143,-0.007421150278293154
2025-09-22,2675,2780,2665,2740,826948,0.024299065420560817
2025-09-23,2760,2765,2665,2695,560571,-0.01642335766423353
2025-09-24,2695,2730,2645,2730,490172,0.01298701298701288
2025-09-25,2735,2750,2670,2735,390734,0.001831501831501825
2025-09-26,2710,2725,2590,2620,603609,-0.042047531992687404
2025-09-29,2590,2750,2590,2750,450659,0.04961832061068705
2025-09-30,2755,2850,2700,2700,709602,-0.018181818181818188
2025-10-01,2700,2815,2700,2760,606654,0.022222222222222143
2025-10-02,2810,2960,2805,2915,1906217,0.05615942028985499
2025-10-10,2985,3070,2925,2955,967597,0.013722126929674117
2025-10-13,2800,2930,2800,2890,598122,-0.021996615905245376
2025-10-14,2900,2950,2680,2740,1167009,-0.05190311418685123
2025-10-15,2770,2890,2745,2880,398466,0.051094890510948954
2025-10-16,2900,2900,2795,2875,470233,-0.0017361111111111605
2025-10-17,2875,2875,2770,2770,489504,-0.03652173913043477
2025-10-20,2790,2850,2765,2795,449278,0.00902527075812265
2025-10-21,2800,2845,2730,2765,535320,-0.01073345259391767
2025-10-22,2780,2880,2660,2740,444125,-0.009041591320072317
2025-10-23,2735,2740,2670,2680,327718,-0.021897810218978075
2025-10-24,2685,2795,2680,2690,389607,0.003731343283582156
2025-10-27,2710,2720,2620,2675,559633,-0.005576208178438624
2025-10-28,2680,2705,2600,2620,447041,-0.020560747663551426
2025-10-29,2635,2670,2575,2615,337530,-0.001908396946564861
2025-10-30,2625,2640,2500,2565,670473,-0.019120458891013437
2025-10-31,2530,2595,2530,2550,291363,-0.005847953216374324
2025-11-03,2540,2750,2540,2655,769978,0.04117647058823537
2025-11-04,2655,2685,2570,2570,447889,-0.032015065913371
2025-11-05,2550,2550,2350,2440,875937,-0.05058365758754868
2025-11-06,2475,2610,2460,2505,525676,0.026639344262294973
2025-11-07,2420,2500,2345,2400,398749,-0.041916167664670656
2025-11-10,2400,2450,2370,2430,250587,0.012499999999999956
2025-11-11,2435,2545,2385,2425,282626,-0.002057613168724326
2025-11-12,2430,2460,2370,2430,245195,0.0020618556701030855
2025-11-13,2420,2450,2350,2390,287646,-0.016460905349794275
2025-11-14,2345,2415,2300,2305,483307,-0.03556485355648531
2025-11-17,2330,2355,2245,2320,326971,0.006507592190889477
2025-11-18,2280,2325,2155,2205,562873,-0.049568965517241326
2025-11-19,2205,2230,2130,2205,501362,0.0
2025-11-20,2215,2275,2200,2220,331068,0.006802721088435382
2025-11-21,2160,2180,2080,2110,663527,-0.0495495495495496
2025-11-24,2130,2135,2045,2075,374241,-0.016587677725118488
2025-11-25,2090,2135,2065,2100,245903,0.012048192771084265
2025-11-26,2100,2130,2090,2130,205527,0.014285714285714235
2025-11-27,2130,2170,2105,2110,167483,-0.009389671361502372
2025-11-28,2135,2215,2130,2215,271572,0.04976303317535535
2025-12-01,2250,2250,2185,2185,249181,-0.013544018058690765
2025-12-02,2180,2210,2150,2175,347901,-0.004576659038901587
2025-12-03,2180,2190,2155,2185,198364,0.0045977011494253706
2025-12-04,2185,2185,2105,2120,390192,-0.029748283752860427
2025-12-05,2115,2145,2095,2135,202152,0.007075471698113178
2025-12-08,2135,2155,2115,2150,156791,0.007025761124121788
2025-12-09,2150,2160,2112,2115,201389,-0.016279069767441867
2025-12-10,2115,2150,2105,2120,240688,0.0023640661938533203
2025-12-11,2120,2145,2100,2105,320139,-0.007075471698113178
2025-12-12,2100,2115,2015,2105,667355,0.0
2025-12-15,2075,2170,2050,2095,292475,-0.004750593824228044
2025-12-16,2090,2100,2020,2020,531025,-0.03579952267303099
2025-12-17,2030,2065,2020,2055,249822,0.017326732673267342
2025-12-18,2015,2050,2000,2010,230566,-0.021897810218978075
2025-12-19,2020,2050,1999,2040,154044,0.014925373134328401
2025-12-22,2070,2120,2060,2090,383454,0.02450980392156854
2025-12-23,2090,2095,2045,2055,211316,-0.01674641148325362
2025-12-24,2055,2070,2035,2035,136229,-0.009732360097323589
2025-12-26,2035,2105,2035,2095,331034,0.029484029484029506
2025-12-29,2090,2110,2070,2090,163328,-0.0023866348448687846
2025-12-30,2070,2150,2070,2100,289387,0.004784688995215225
2026-01-02,2110,2245,2100,2240,1033406,0.06666666666666665
2026-01-05,2255,2350,2235,2250,791168,0.0044642857142858094
2026-01-06,2225,2290,2225,2260,420072,0.004444444444444473
2026-01-07,2280,2290,2160,2180,429849,-0.03539823008849563
2026-01-08,2180,2235,2130,2135,378193,-0.020642201834862428
2026-01-09,2135,2160,2095,2115,189003,-0.00936768149882905
2026-01-12,2150,2195,2115,2140,226747,0.011820330969267046
2026-01-13,2145,2175,2110,2150,325410,0.004672897196261738
2026-01-14,2155,2165,2105,2125,306674,-0.011627906976744207
2026-01-15,2115,2145,2070,2145,462002,0.009411764705882453
2026-01-16,2140,2185,2095,2105,345462,-0.018648018648018683
2026-01-19,2110,2260,2105,2235,928494,0.061757719714964354
2026-01-20,2240,2270,2165,2190,489269,-0.020134228187919434
2026-01-21,2175,2210,2100,2135,585569,-0.02511415525114158
2026-01-22,2150,2190,2125,2150,517619,0.007025761124121788
2026-01-23,2170,2200,2120,2175,503536,0.011627906976744207
2026-01-26,2205,2290,2180,2290,1066718,0.05287356321839076
2026-01-27,2290,2350,2245,2340,944107,0.02183406113537112
2026-01-28,2355,2385,2330,2380,622462,0.017094017094017033
2026-01-29,2395,2430,2265,2375,806568,-0.0021008403361344463
2026-01-30,2340,2385,2285,2290,447149,-0.03578947368421048
2026-02-02,2290,2305,2190,2200,492919,-0.0393013100436681
2026-02-03,2230,2275,2205,2270,331691,0.031818181818181746
2026-02-04,2240,2315,2240,2295,269202,0.011013215859030812
2026-02-05,2290,2290,2215,2225,378565,-0.030501089324618702
2026-02-06,2210,2230,2085,2185,467438,-0.017977528089887618
2026-02-09,2210,2380,2210,2370,1040094,0.0846681922196797
2026-02-10,2370,2400,2300,2305,442891,-0.02742616033755274
2026-02-11,2310,2365,2270,2330,349329,0.010845986984815648
2026-02-12,2335,2345,2300,2310,269402,-0.008583690987124415
2026-02-13,2290,2315,2215,2300,519805,-0.0043290043290042934
2026-02-19,2310,2360,2270,2305,521135,0.0021739130434783593
2026-02-20,2300,2330,2275,2295,307493,-0.004338394793926281
2026-02-23,2310,2385,2310,2375,624488,0.034858387799564294
2026-02-24,2375,2375,2295,2360,470044,-0.0063157894736841635
2026-02-25,2380,2380,2290,2300,656841,-0.025423728813559365
2026-02-26,2310,2335,2270,2275,473635,-0.010869565217391353
2026-02-27,2260,2260,2185,2195,732460,-0.03516483516483515
2026-03-03,2120,2210,2050,2060,820499,-0.06150341685649208
2026-03-04,1985,2000,1800,1802,1047461,-0.12524271844660195
2026-03-05,1893,2050,1893,2030,487334,0.1265260821309655
2026-03-06,1990,2065,1963,2060,361590,0.014778325123152802
2026-03-09,1980,1980,1883,1906,459780,-0.074757281553398
2026-03-10,2020,2050,1950,2045,356584,0.07292759706190965
2026-03-11,2055,2070,1994,2020,432653,-0.012224938875305624
2026-03-12,2000,2035,1992,2005,256192,-0.007425742574257432
2026-03-13,1956,2025,1935,2005,249864,0.0
2026-03-16,2005,2010,1976,1986,182540,-0.009476309226932655
2026-03-17,2010,2075,1988,2035,216735,0.02467270896273921
2026-03-18,2040,2095,2040,2070,148983,0.017199017199017286
