Date,Open,High,Low,Close,Volume,Change
2024-03-18,4400,4480,4340,4465,228177,0.029988465974625234
2024-03-19,4460,4600,4375,4600,69931,0.03023516237402024
2024-03-20,4555,4620,4295,4380,197799,-0.047826086956521685
2024-03-21,4365,4490,4275,4470,57362,0.020547945205479534
2024-03-22,4550,4575,4405,4575,49289,0.02348993288590595
2024-03-25,4575,4685,4495,4675,55175,0.021857923497267784
2024-03-26,4675,4885,4640,4750,107388,0.016042780748663166
2024-03-27,4750,4795,4690,4750,42247,0.0
2024-03-28,4705,4905,4700,4780,35830,0.006315789473684275
2024-03-29,4770,4805,4700,4780,17404,0.0
2024-04-01,4790,4830,4730,4830,30898,0.010460251046025215
2024-04-02,4830,4925,4780,4905,49177,0.01552795031055898
2024-04-03,4915,4915,4775,4860,26231,-0.00917431192660545
2024-04-04,4860,4860,4730,4780,38184,-0.016460905349794275
2024-04-05,4780,4790,4695,4770,22531,-0.0020920502092049986
2024-04-08,4770,4790,4680,4790,30633,0.004192872117400492
2024-04-09,4740,4760,4700,4760,12581,-0.006263048016701411
2024-04-11,4755,4755,4670,4745,39385,-0.0031512605042016695
2024-04-12,4790,4950,4760,4920,71431,0.03688092729188619
2024-04-15,4900,4915,4800,4860,71108,-0.012195121951219523
2024-04-16,4980,5000,4810,4955,125460,0.019547325102880597
2024-04-17,4960,5150,4960,5120,70144,0.03329969727547932
2024-04-18,5110,5230,4985,5180,88353,0.01171875
2024-04-19,5100,5330,5010,5080,80203,-0.019305019305019266
2024-04-22,5150,5150,5000,5080,36138,0.0
2024-04-23,5030,5220,5030,5220,70232,0.027559055118110187
2024-04-24,5210,5360,5170,5310,84654,0.01724137931034475
2024-04-25,5300,5600,5210,5500,232046,0.03578154425612046
2024-04-26,5580,5720,5480,5700,160217,0.036363636363636376
2024-04-29,5730,5800,5650,5710,118615,0.0017543859649122862
2024-04-30,5710,5890,5670,5880,131743,0.02977232924693518
2024-05-02,5860,5860,5500,5680,163771,-0.03401360544217691
2024-05-03,5680,5830,5620,5710,66285,0.005281690140845008
2024-05-07,5750,5750,5480,5640,66934,-0.012259194395796813
2024-05-08,5600,5700,5360,5440,141871,-0.03546099290780147
2024-05-09,5440,5500,5320,5450,87034,0.0018382352941177516
2024-05-10,5410,5600,5350,5600,63265,0.02752293577981657
2024-05-13,5600,5800,5480,5540,82259,-0.010714285714285676
2024-05-14,5630,5660,5480,5640,66558,0.018050541516245522
2024-05-16,5650,5700,5450,5650,110685,0.0017730496453900457
2024-05-17,5700,5860,5610,5820,200281,0.030088495575221197
2024-05-20,5830,5890,5700,5830,68724,0.0017182130584192379
2024-05-21,5850,5850,5600,5650,88500,-0.030874785591766707
2024-05-22,5730,5730,4905,5160,620220,-0.08672566371681412
2024-05-23,5160,5450,4950,5440,149135,0.054263565891472965
2024-05-24,5440,5460,5100,5430,63156,-0.0018382352941176405
2024-05-27,5430,5500,5160,5240,132009,-0.03499079189686927
2024-05-28,5380,5380,5100,5270,67849,0.005725190839694694
2024-05-29,5220,5220,4900,5050,89129,-0.04174573055028463
2024-05-30,5200,5200,4960,4970,79369,-0.015841584158415856
2024-05-31,4980,5280,4970,5250,108408,0.05633802816901401
2024-06-03,5200,5310,5060,5240,75651,-0.0019047619047618536
2024-06-04,5240,5350,5160,5310,56038,0.013358778625954137
2024-06-05,5440,5440,5150,5330,58265,0.0037664783427495685
2024-06-07,5330,5390,5250,5250,31655,-0.015009380863039379
2024-06-10,5250,5490,5160,5370,88755,0.02285714285714291
2024-06-11,5360,5830,5210,5590,146961,0.040968342644320366
2024-06-12,5600,5990,5600,5990,388764,0.07155635062611809
2024-06-13,6010,6350,5970,6010,361532,0.0033388981636059967
2024-06-14,5970,6160,5960,6050,100875,0.006655574043261225
2024-06-17,6150,6150,5780,5910,116955,-0.023140495867768562
2024-06-18,5870,5900,5700,5880,113581,-0.005076142131979711
2024-06-19,5810,5890,5730,5890,68900,0.001700680272108901
2024-06-20,5730,5970,5670,5770,52278,-0.02037351443123936
2024-06-21,5720,5820,5640,5690,40921,-0.013864818024263426
2024-06-24,5690,5810,5610,5650,18603,-0.007029876977152849
2024-06-25,5650,5660,5450,5530,99311,-0.0212389380530974
2024-06-26,5620,5620,5430,5500,26454,-0.005424954792043413
2024-06-27,5530,5530,5340,5470,43854,-0.00545454545454549
2024-06-28,5430,5520,5400,5430,34645,-0.007312614259597838
2024-07-01,5480,5610,5460,5510,36254,0.014732965009208066
2024-07-02,5580,5580,5300,5440,75942,-0.012704174228675091
2024-07-03,5440,5440,5110,5370,60874,-0.012867647058823484
2024-07-04,5400,5500,5350,5460,19688,0.016759776536312776
2024-07-05,5480,5530,5370,5400,25782,-0.01098901098901095
2024-07-08,5400,5490,5290,5400,36316,0.0
2024-07-09,5530,5530,5410,5490,25282,0.016666666666666607
2024-07-10,5540,5570,5450,5530,30468,0.007285974499089187
2024-07-11,5590,5590,5410,5540,21761,0.001808318264014508
2024-07-12,5500,5560,5470,5550,13392,0.0018050541516245744
2024-07-15,5550,5590,5450,5500,15665,-0.009009009009009028
2024-07-16,5590,5590,5450,5570,20327,0.012727272727272698
2024-07-17,5570,5850,5470,5720,167678,0.026929982046678624
2024-07-18,5600,5710,5470,5640,32861,-0.013986013986013957
2024-07-19,5640,5830,5580,5690,66930,0.00886524822695045
2024-07-22,5690,5720,5390,5570,118688,-0.02108963093145866
2024-07-23,5570,5930,5530,5700,75841,0.02333931777378817
2024-07-24,5700,5770,5660,5760,61567,0.010526315789473717
2024-07-25,5560,5790,5560,5630,58259,-0.02256944444444442
2024-07-26,5600,5770,5590,5690,33882,0.010657193605683846
2024-07-29,5690,5890,5650,5820,157381,0.02284710017574687
2024-07-30,5820,5990,5820,5870,127768,0.00859106529209619
2024-07-31,6020,6030,5610,5630,148372,-0.040885860306643984
2024-08-01,5650,5660,5330,5420,144946,-0.03730017761989346
2024-08-02,5350,5450,5240,5390,130228,-0.005535055350553542
2024-08-05,5360,5360,4540,5110,143919,-0.051948051948051965
2024-08-06,5170,5180,4950,5050,101024,-0.011741682974559686
2024-08-07,5150,5270,5070,5180,45631,0.025742574257425765
2024-08-08,5180,5280,5060,5230,45783,0.009652509652509744
2024-08-09,5270,5310,5140,5170,53146,-0.01147227533460804
2024-08-12,5160,5160,4710,4885,204507,-0.05512572533849125
2024-08-13,4885,4890,4645,4750,79082,-0.02763561924257929
2024-08-14,4750,4900,4750,4900,39966,0.03157894736842115
2024-08-16,4970,4970,4885,4900,42268,0.0
2024-08-19,4975,4975,4730,4770,61955,-0.026530612244897944
2024-08-20,4880,4880,4710,4830,43126,0.012578616352201255
2024-08-21,4875,4980,4765,4845,15925,0.0031055900621117516
2024-08-22,4845,5060,4830,4975,60084,0.026831785345717174
2024-08-23,5040,5040,4860,4980,35631,0.0010050251256281673
2024-08-26,4955,4960,4805,4825,29776,-0.031124497991967925
2024-08-27,4880,4880,4785,4785,10651,-0.00829015544041456
2024-08-28,4750,4820,4645,4775,39274,-0.002089864158829724
2024-08-29,4785,4805,4550,4725,48349,-0.010471204188481686
2024-08-30,4680,4700,4545,4625,51576,-0.021164021164021163
2024-09-02,4625,4660,4540,4590,15134,-0.007567567567567601
2024-09-03,4700,4700,4420,4420,74579,-0.03703703703703709
2024-09-04,4300,4345,4210,4315,83973,-0.02375565610859731
2024-09-05,4290,4425,4245,4320,42337,0.0011587485515642815
2024-09-06,4300,4375,4140,4240,39626,-0.01851851851851849
2024-09-09,4155,4295,4145,4255,11439,0.0035377358490567
2024-09-10,4215,4320,4170,4215,10852,-0.009400705052878933
2024-09-11,4215,4255,4135,4215,34861,0.0
2024-09-12,4215,4385,4180,4330,51265,0.027283511269276417
2024-09-13,4325,4465,4270,4450,21825,0.02771362586605086
2024-09-19,4410,4470,4340,4360,22537,-0.020224719101123556
2024-09-20,4430,4430,4265,4315,19367,-0.010321100917431214
2024-09-23,4300,4300,4210,4255,21156,-0.01390498261877171
2024-09-24,4245,4405,4200,4285,16594,0.007050528789659172
2024-09-25,4330,4390,4300,4385,15134,0.023337222870478458
2024-09-26,4455,4610,4395,4585,37845,0.04561003420752563
2024-09-27,4575,4640,4515,4630,18038,0.009814612868048078
2024-09-30,4630,4690,4565,4645,17620,0.003239740820734305
2024-10-02,4645,4650,4540,4575,13252,-0.015069967707212029
2024-10-04,4575,4625,4430,4440,24279,-0.02950819672131144
2024-10-07,4445,4445,4230,4290,92271,-0.03378378378378377
2024-10-08,4250,4330,4185,4330,30612,0.00932400932400923
2024-10-10,4330,4345,4235,4265,15526,-0.01501154734411081
2024-10-11,4220,4365,4220,4280,15187,0.003516998827667095
2024-10-14,4250,4325,4250,4280,10457,0.0
2024-10-15,4290,4290,4180,4205,37886,-0.017523364485981352
2024-10-16,4280,4280,4150,4165,39881,-0.009512485136741966
2024-10-17,4235,4235,4015,4130,62275,-0.008403361344537785
2024-10-18,4130,4195,4030,4100,7663,-0.007263922518159771
2024-10-21,4200,4200,3970,4050,36409,-0.012195121951219523
2024-10-22,4100,4100,3905,3955,39701,-0.023456790123456805
2024-10-23,3980,4080,3925,4055,22162,0.025284450063211228
2024-10-24,4080,4080,3935,3995,22587,-0.01479654747225645
2024-10-25,3995,4080,3905,3980,11127,-0.003754693366708417
2024-10-28,3980,4035,3970,4035,22583,0.013819095477386911
2024-10-29,4010,4070,3975,4010,15388,-0.006195786864931829
2024-10-30,4070,4175,4000,4165,48035,0.03865336658354113
2024-10-31,4190,4230,4100,4175,22349,0.0024009603841537164
2024-11-01,4120,4235,4080,4150,12238,-0.005988023952095856
2024-11-04,4150,4150,4095,4125,36512,-0.0060240963855421326
2024-11-05,4230,4230,4020,4020,17002,-0.025454545454545507
2024-11-06,4155,4155,3880,3945,53967,-0.018656716417910446
2024-11-07,4000,4010,3885,3950,41809,0.0012674271229404788
2024-11-08,3940,4010,3895,3910,25314,-0.010126582278481067
2024-11-11,3910,3980,3690,3750,51109,-0.04092071611253201
2024-11-12,3715,3830,3660,3690,19615,-0.016000000000000014
2024-11-13,3660,3725,3540,3685,43198,-0.0013550135501354532
2024-11-14,3670,3875,3570,3595,32252,-0.024423337856173677
2024-11-15,3550,3700,3515,3665,39129,0.01947148817802513
2024-11-18,3665,3700,3525,3630,54445,-0.009549795361528002
2024-11-19,3595,3770,3595,3680,24306,0.01377410468319562
2024-11-20,3750,3750,3650,3715,21451,0.009510869565217295
2024-11-21,3680,3740,3660,3700,9267,-0.004037685060565233
2024-11-22,3665,3755,3665,3740,26286,0.0108108108108107
2024-11-25,3740,3785,3670,3770,23666,0.008021390374331583
2024-11-26,3770,3850,3750,3800,14778,0.007957559681697646
2024-11-27,3825,3845,3790,3840,38743,0.010526315789473717
2024-11-28,3850,4215,3850,4175,136719,0.08723958333333326
2024-11-29,4175,4180,4010,4100,34487,-0.017964071856287456
2024-12-02,4080,4110,3995,4045,18594,-0.013414634146341475
2024-12-03,4045,4045,3990,4000,35389,-0.011124845488257096
2024-12-04,3975,4040,3770,3995,94333,-0.0012499999999999734
2024-12-05,3925,4020,3925,3950,30830,-0.01126408010012514
2024-12-06,4045,4045,3860,4010,39171,0.0151898734177216
2024-12-09,3950,3950,3650,3810,93670,-0.04987531172069826
2024-12-10,3825,3995,3740,3970,68945,0.04199475065616798
2024-12-11,3970,4070,3940,4030,29322,0.015113350125944613
2024-12-12,4075,4135,4040,4115,26844,0.021091811414392092
2024-12-13,4130,4130,3990,4115,24746,0.0
2024-12-16,4115,4115,4000,4075,21588,-0.009720534629404587
2024-12-17,4075,4075,3965,4025,15989,-0.012269938650306789
2024-12-18,4020,4040,3935,4040,42345,0.003726708074534235
2024-12-19,3975,4065,3955,4000,34893,-0.00990099009900991
2024-12-20,3960,4005,3930,3975,30530,-0.006249999999999978
2024-12-23,3975,4050,3975,3990,15288,0.0037735849056603765
2024-12-24,4050,4050,3955,3975,20122,-0.003759398496240629
2024-12-26,3955,4030,3955,4015,14334,0.010062893081761004
2024-12-27,4015,4065,3985,4020,8127,0.001245330012453305
2024-12-30,4020,4050,3965,4020,47117,0.0
2025-01-02,4070,4075,4000,4040,15917,0.004975124378109541
2025-01-03,4065,4095,4020,4070,27162,0.007425742574257432
2025-01-06,4075,4230,4010,4230,64340,0.039312039312039415
2025-01-07,4220,4460,4165,4365,56932,0.03191489361702127
2025-01-08,4360,4450,4350,4420,45225,0.012600229095074411
2025-01-09,4430,4430,4295,4395,34056,-0.005656108597285048
2025-01-10,4395,4435,4380,4430,30873,0.007963594994311762
2025-01-13,4430,4430,4160,4275,34316,-0.03498871331828446
2025-01-14,4275,4320,4180,4255,54141,-0.004678362573099393
2025-01-15,4245,4300,4155,4225,32090,-0.007050528789659172
2025-01-16,4230,4570,4230,4465,140271,0.056804733727810586
2025-01-17,4360,4715,4355,4710,150246,0.054871220604703286
2025-01-20,4965,4965,4710,4860,212492,0.031847133757961776
2025-01-21,4850,5260,4750,5160,266795,0.06172839506172845
2025-01-22,5140,5170,4975,5010,80294,-0.029069767441860517
2025-01-23,5060,5060,4825,4825,76494,-0.036926147704590795
2025-01-24,4825,4990,4750,4920,43485,0.01968911917098448
2025-01-31,4845,4875,4690,4835,66347,-0.017276422764227695
2025-02-03,4755,4790,4555,4770,85209,-0.013443640124095158
2025-02-04,4710,4770,4550,4690,45158,-0.016771488469601636
2025-02-05,4700,4970,4595,4715,45118,0.005330490405117239
2025-02-06,4715,4870,4640,4810,39095,0.020148462354188768
2025-02-07,4775,4835,4720,4795,13785,-0.0031185031185031464
2025-02-10,4795,4850,4700,4700,37041,-0.019812304483837306
2025-02-11,4710,4710,4555,4580,58560,-0.025531914893617058
2025-02-12,4580,4580,4440,4580,43639,0.0
2025-02-13,4525,4645,4480,4605,28633,0.005458515283842891
2025-02-14,4590,4645,4525,4590,19422,-0.0032573289902280145
2025-02-17,4605,4825,4600,4810,43680,0.04793028322440085
2025-02-18,4810,5140,4720,4880,275469,0.01455301455301461
2025-02-19,4885,5080,4885,4975,121382,0.01946721311475419
2025-02-20,4980,5090,4950,5030,36548,0.011055276381909618
2025-02-21,5030,5210,5030,5140,104686,0.021868787276341894
2025-02-24,5130,5260,5060,5090,80705,-0.009727626459143934
2025-02-25,5090,5240,5040,5150,38795,0.011787819253438192
2025-02-26,5110,5150,4995,5030,46005,-0.023300970873786353
2025-02-27,5030,5030,4960,4995,36149,-0.006958250497017926
2025-02-28,4935,5080,4935,4965,46177,-0.006006006006005982
2025-03-04,4900,4955,4880,4900,24198,-0.01309164149043307
2025-03-05,4850,5200,4850,5120,107087,0.044897959183673564
2025-03-06,5170,5170,5010,5040,65492,-0.015625
2025-03-07,4990,5100,4975,5090,51285,0.009920634920634885
2025-03-10,5120,5170,5000,5100,46500,0.0019646365422396617
2025-03-11,5090,5150,5010,5090,15794,-0.0019607843137254832
2025-03-12,4995,5330,4985,5160,114823,0.013752455795677854
2025-03-13,5150,5200,5100,5100,22085,-0.011627906976744207
2025-03-14,5110,5220,5090,5120,30599,0.0039215686274509665
2025-03-17,5120,5220,5100,5130,35554,0.001953125
2025-03-18,5090,5220,5090,5210,28469,0.015594541910331383
2025-03-19,5200,5200,5060,5160,47514,-0.009596928982725572
2025-03-20,5110,5130,5050,5100,43667,-0.011627906976744207
2025-03-21,5090,5210,5020,5200,66848,0.019607843137254832
2025-03-24,5280,5280,5120,5170,42926,-0.005769230769230749
2025-03-25,5170,5220,4995,5090,38447,-0.015473887814313358
2025-03-26,5090,5100,5000,5030,40723,-0.011787819253438081
2025-03-27,5070,5130,4970,5070,45896,0.007952286282306265
2025-03-28,5070,5070,4910,5040,105851,-0.00591715976331364
2025-03-31,4900,5040,4880,5010,81385,-0.005952380952380931
2025-04-01,5000,5050,4865,5050,109986,0.007984031936127733
2025-04-02,5050,5160,4970,5090,36421,0.007920792079207928
2025-04-03,5090,5290,4985,5290,87042,0.03929273084479368
2025-04-04,5220,5320,5190,5220,66072,-0.013232514177693777
2025-04-07,5200,5200,4850,5000,157187,-0.04214559386973182
2025-04-08,5000,5220,5000,5100,70363,0.020000000000000018
2025-04-09,5210,5210,4870,4955,77706,-0.028431372549019618
2025-04-10,5100,5160,5010,5070,37286,0.023208879919273562
2025-04-11,5070,5150,4950,5040,39919,-0.00591715976331364
2025-04-14,5020,5090,4990,5030,21836,-0.001984126984126977
2025-04-15,5050,5050,4945,4980,49008,-0.00994035785288272
2025-04-16,4900,5120,4665,5060,294247,0.016064257028112428
2025-04-17,5060,5270,4930,5100,114902,0.007905138339920903
2025-04-18,5160,5160,5040,5080,28773,-0.0039215686274509665
2025-04-21,5040,5080,4980,5050,55454,-0.0059055118110236116
2025-04-22,5010,5020,4955,4995,34695,-0.0108910891089109
2025-04-23,5080,5080,4965,5030,46598,0.00700700700700696
2025-04-24,5030,5030,4970,5020,34769,-0.001988071570576566
2025-04-25,5030,5030,4950,4980,41132,-0.007968127490039834
2025-04-28,5070,5070,4965,5010,42959,0.006024096385542244
2025-04-29,5000,5140,4975,5120,102486,0.02195608782435121
2025-04-30,5100,5110,5010,5060,31832,-0.01171875
2025-05-02,5130,5600,5020,5600,512316,0.10671936758893286
2025-05-07,5700,6000,5430,5600,594459,0.0
2025-05-08,5600,5900,5500,5880,513164,0.050000000000000044
2025-05-09,5950,6120,5890,5970,431066,0.015306122448979664
2025-05-12,5980,6070,5800,5910,199150,-0.01005025125628145
2025-05-13,5860,5960,5600,5800,216731,-0.0186125211505922
2025-05-14,5650,5890,5650,5840,136828,0.006896551724137945
2025-05-15,5880,6070,5880,5950,218612,0.018835616438356073
2025-05-16,5950,5950,5740,5880,99076,-0.0117647058823529
2025-05-19,5840,5850,5640,5800,92239,-0.013605442176870763
2025-05-20,5800,5820,5600,5760,124984,-0.006896551724137945
2025-05-21,5800,5990,5670,5940,184882,0.03125
2025-05-22,5990,6110,5750,5800,304900,-0.023569023569023573
2025-05-23,5880,6110,5730,6060,249665,0.04482758620689653
2025-05-26,6060,6280,5950,6010,327193,-0.008250825082508295
2025-05-27,5980,6350,5860,6350,284357,0.056572379367720416
2025-05-28,6390,6730,6290,6470,894230,0.018897637795275646
2025-05-29,6390,6500,6020,6020,272758,-0.06955177743431218
2025-05-30,6020,6050,5650,5880,438769,-0.023255813953488413
2025-06-02,5880,6010,5680,5760,301251,-0.020408163265306145
2025-06-04,5770,5790,5400,5500,503656,-0.04513888888888884
2025-06-05,5460,5520,5120,5280,541762,-0.040000000000000036
2025-06-09,5280,5300,4755,4795,807084,-0.09185606060606055
2025-06-10,4820,4850,4350,4475,1173634,-0.06673618352450472
2025-06-11,4475,4640,4460,4505,490560,0.006703910614525244
2025-06-12,4575,4660,4530,4535,331083,0.006659267480577213
2025-06-13,4555,4595,4400,4495,213635,-0.008820286659316445
2025-06-16,4650,5350,4580,5270,1175163,0.17241379310344818
2025-06-17,5270,5340,4840,4915,536327,-0.06736242884250476
2025-06-18,4915,5230,4750,5080,309462,0.033570701932858604
2025-06-19,5080,5080,4925,4995,177172,-0.0167322834645669
2025-06-20,5000,5130,4910,5100,132911,0.021021021021021102
2025-06-23,4985,5250,4865,5120,258149,0.0039215686274509665
2025-06-24,5140,5880,5030,5710,918097,0.115234375
2025-06-25,5700,6580,5670,6400,1530249,0.12084063047285465
2025-06-26,6400,6700,6090,6240,527288,-0.025000000000000022
2025-06-27,6240,6970,6170,6480,1050316,0.03846153846153855
2025-06-30,6500,6940,6300,6890,665741,0.06327160493827155
2025-07-01,6890,7000,6530,6560,480927,-0.04789550072568938
2025-07-02,6590,7150,6215,6910,773539,0.05335365853658547
2025-07-03,6920,7000,6570,6650,250226,-0.0376266280752533
2025-07-04,6640,6640,6280,6310,420186,-0.05112781954887213
2025-07-07,6310,6970,6310,6950,717958,0.10142630744849446
2025-07-08,6950,7270,6800,6900,375773,-0.007194244604316502
2025-07-09,6900,7180,6820,7140,335501,0.034782608695652195
2025-07-10,7140,7230,6890,7180,259712,0.0056022408963585235
2025-07-11,7180,7290,6970,7010,195243,-0.0236768802228412
2025-07-14,7020,7250,6910,7000,207245,-0.0014265335235378318
2025-07-15,7130,7270,6980,7050,256919,0.0071428571428571175
2025-07-16,7050,7100,6810,6870,210392,-0.025531914893617058
2025-07-17,6870,7090,6830,7000,102800,0.018922852983988436
2025-07-18,7050,7200,6580,7180,626637,0.0257142857142858
2025-07-21,7210,7500,7170,7480,483876,0.04178272980501396
2025-07-22,7450,7520,7100,7400,380595,-0.010695187165775444
2025-07-23,7430,7440,7190,7350,201591,-0.006756756756756799
2025-07-24,7380,7520,7090,7460,386715,0.014965986394557929
2025-07-25,7440,7520,7320,7360,172327,-0.013404825737265424
2025-07-28,6200,7050,6150,6810,1341035,-0.07472826086956519
2025-07-29,6750,6950,6560,6810,316182,0.0
2025-07-30,6810,6840,6660,6680,202036,-0.019089574155653488
2025-07-31,6680,6930,6650,6770,176092,0.013473053892215647
2025-08-01,6700,6820,6570,6680,214742,-0.013293943870014813
2025-08-04,6650,6840,6650,6770,46871,0.013473053892215647
2025-08-05,6770,6850,6630,6670,136767,-0.01477104874446089
2025-08-06,6670,6730,6530,6670,145633,0.0
2025-08-07,6700,6710,6470,6530,119343,-0.020989505247376306
2025-08-08,6600,6600,6090,6250,384386,-0.04287901990811638
2025-08-11,6250,6450,6210,6340,112222,0.014399999999999968
2025-08-12,6300,6430,6100,6310,191177,-0.004731861198738141
2025-08-13,6310,6350,5890,5990,199964,-0.05071315372424723
2025-08-14,6000,6230,5900,6200,127433,0.03505843071786319
2025-08-18,6200,6420,6120,6300,137136,0.016129032258064502
2025-08-19,6300,6370,6130,6190,84094,-0.01746031746031751
2025-08-20,6150,6190,5700,5950,264019,-0.03877221324717284
2025-08-21,6040,6240,5950,6130,94052,0.030252100840336027
2025-08-22,6140,6250,6000,6130,36413,0.0
2025-08-25,6260,6490,6210,6460,149994,0.0538336052202284
2025-08-26,6550,6560,6430,6450,81515,-0.001547987616099089
2025-08-27,6410,6540,6410,6480,72179,0.0046511627906977715
2025-08-28,6480,6570,6350,6530,69079,0.007716049382715973
2025-08-29,6530,6750,6530,6730,114636,0.030627871362940207
2025-09-01,6730,6870,6630,6850,94908,0.017830609212481363
2025-09-02,6850,6970,6750,6860,110454,0.0014598540145984717
2025-09-03,6860,6980,6800,6860,85155,0.0
2025-09-04,6860,6930,6620,6670,78936,-0.0276967930029155
2025-09-05,6770,6770,6460,6580,108067,-0.013493253373313308
2025-09-08,6580,6710,6510,6710,58056,0.019756838905775176
2025-09-09,6650,6770,6570,6740,58434,0.0044709388971684305
2025-09-10,6800,7070,6770,6870,174810,0.01928783382789323
2025-09-11,6860,7350,6710,7280,298536,0.05967976710334799
2025-09-12,7280,7450,7150,7310,176796,0.004120879120879106
2025-09-15,7290,7450,7240,7320,1628351,0.001367989056087593
2025-09-16,7320,7380,7060,7250,143417,-0.0095628415300546
2025-09-17,7250,7250,7080,7100,145141,-0.020689655172413834
2025-09-18,7170,7200,6670,7110,143520,0.0014084507042253502
2025-09-19,7090,7350,6920,7320,139903,0.029535864978903037
2025-09-22,7330,7390,7230,7370,80925,0.006830601092896238
2025-09-23,7370,7420,7090,7250,71815,-0.016282225237449155
2025-09-24,7240,7240,7060,7150,66109,-0.01379310344827589
2025-09-25,7130,7150,7030,7090,34583,-0.008391608391608352
2025-09-26,7040,7080,6865,6970,91593,-0.016925246826516194
2025-09-29,6970,7120,6970,7070,48460,0.01434720229555242
2025-09-30,7020,7070,6930,7040,32686,-0.004243281471004279
2025-10-01,7040,7070,6880,6880,96653,-0.022727272727272707
2025-10-02,6920,6970,6760,6850,81071,-0.0043604651162790775
2025-10-10,6850,6910,6670,6860,112634,0.0014598540145984717
2025-10-13,6780,6850,6650,6700,76795,-0.023323615160349864
2025-10-14,6700,6870,6530,6580,63763,-0.017910447761193993
2025-10-15,6610,6730,6490,6670,86633,0.013677811550151908
2025-10-16,6670,6710,6580,6630,58592,-0.005997001499250421
2025-10-17,6580,6630,6480,6480,79163,-0.022624434389140302
2025-10-20,6480,6560,6360,6490,49477,0.0015432098765431057
2025-10-21,6490,6500,6380,6490,50064,0.0
2025-10-22,6520,6520,6340,6420,78314,-0.01078582434514641
2025-10-23,6390,6600,6300,6330,60130,-0.014018691588784993
2025-10-24,6330,6380,5910,6100,241823,-0.0363349131121643
2025-10-27,6100,6170,5960,6130,90298,0.004918032786885185
2025-10-28,6130,6240,6000,6240,108301,0.01794453507340954
2025-10-29,6330,6350,6000,6180,101506,-0.009615384615384581
2025-10-30,6250,6260,5800,6120,103485,-0.009708737864077666
2025-10-31,6020,6120,5810,5820,162117,-0.0490196078431373
2025-11-03,5830,5870,5480,5510,142415,-0.053264604810996596
2025-11-04,5450,5720,5440,5490,67260,-0.003629764065335772
2025-11-05,5480,5600,5190,5390,118520,-0.01821493624772308
2025-11-06,5430,5440,5160,5210,88579,-0.033395176252319136
2025-11-07,5210,5350,5130,5330,60680,0.02303262955854124
2025-11-10,5330,5460,5220,5290,72396,-0.007504690431519689
2025-11-11,5290,5350,5080,5090,91694,-0.03780718336483935
2025-11-12,5090,5280,5070,5270,46520,0.035363457760314354
2025-11-13,5300,5400,5000,5220,89100,-0.009487666034155628
2025-11-14,5220,5240,5100,5220,54959,0.0
2025-11-17,4855,5120,3670,3705,2916302,-0.29022988505747127
2025-11-18,3685,3950,3640,3660,699863,-0.012145748987854255
2025-11-19,3660,3695,3460,3530,749071,-0.03551912568306015
2025-11-20,3530,3530,3400,3485,428825,-0.012747875354107596
2025-11-21,3485,3820,3350,3800,751083,0.09038737446197986
2025-11-24,3795,3795,3510,3610,399613,-0.050000000000000044
2025-11-25,3650,3780,3540,3605,286853,-0.0013850415512465242
2025-11-26,3660,3880,3600,3840,271578,0.06518723994452147
2025-11-27,3880,3905,3650,3885,199091,0.01171875
2025-11-28,3895,4030,3870,3945,266750,0.015444015444015413
2025-12-01,3940,3940,3745,3820,288901,-0.03168567807351075
2025-12-02,3820,3950,3775,3795,112670,-0.00654450261780104
2025-12-03,3795,3900,3750,3860,111083,0.017127799736495364
2025-12-04,3865,3900,3780,3845,106186,-0.0038860103626943143
2025-12-05,3835,3910,3750,3890,93041,0.011703511053315907
2025-12-08,3890,3910,3780,3855,82735,-0.00899742930591263
2025-12-09,3810,3850,3780,3795,88378,-0.015564202334630295
2025-12-10,3850,3850,3730,3790,54819,-0.0013175230566534468
2025-12-11,3790,3885,3790,3870,89088,0.02110817941952514
2025-12-12,3870,3940,3840,3850,111899,-0.0051679586563307955
2025-12-15,3760,4000,3760,3980,118294,0.033766233766233666
2025-12-16,3980,4000,3850,3935,101539,-0.011306532663316604
2025-12-17,3935,4010,3910,3965,76226,0.007623888182973326
2025-12-18,3950,3980,3885,3975,25482,0.0025220680958386588
2025-12-19,3975,4045,3885,4035,78531,0.015094339622641506
2025-12-22,4035,4060,3925,3985,84979,-0.012391573729863659
2025-12-23,3985,3985,3860,3905,99494,-0.020075282308657516
2025-12-24,3900,3940,3855,3935,24289,0.007682458386683688
2025-12-26,3935,3950,3805,3830,69639,-0.026683608640406642
2025-12-29,3825,3865,3750,3865,31715,0.009138381201044377
2025-12-30,3865,3865,3765,3820,34486,-0.011642949547218673
2026-01-02,3820,3855,3760,3825,81958,0.0013089005235602524
2026-01-05,3830,3875,3750,3815,83263,-0.002614379084967311
2026-01-06,3765,3810,3730,3730,55869,-0.022280471821756187
2026-01-07,3700,3910,3605,3830,130067,0.02680965147453085
2026-01-08,4200,4355,3980,4045,826330,0.05613577023498695
2026-01-09,4085,4595,4045,4470,609780,0.10506798516687277
2026-01-12,4500,4880,4320,4700,417823,0.05145413870246096
2026-01-13,4685,4780,4605,4735,95452,0.007446808510638281
2026-01-14,4785,4880,4710,4845,106647,0.023231256599788752
2026-01-15,4805,5320,4805,5220,341279,0.07739938080495357
2026-01-16,5220,5460,5000,5360,292850,0.026819923371647514
2026-01-19,5380,5670,5010,5140,308178,-0.04104477611940294
2026-01-20,5440,5810,5250,5600,480224,0.08949416342412442
2026-01-21,5610,5790,5390,5460,323475,-0.025000000000000022
2026-01-22,5450,5500,5200,5290,292218,-0.031135531135531136
2026-01-23,5330,5790,5175,5450,306897,0.030245746691871522
2026-01-26,5500,5590,4900,5000,539551,-0.08256880733944949
2026-01-27,5100,5140,4850,4980,245945,-0.0040000000000000036
2026-01-28,5040,5240,5000,5160,206238,0.03614457831325302
2026-01-29,5190,5300,5090,5280,214874,0.023255813953488413
2026-01-30,5350,5370,5140,5260,190808,-0.0037878787878787845
2026-02-02,5270,5630,5210,5530,441745,0.05133079847908739
2026-02-03,5600,5720,5510,5670,309338,0.025316455696202445
2026-02-04,5700,5770,5400,5500,358626,-0.029982363315696703
2026-02-05,5500,5580,5350,5410,215415,-0.016363636363636358
2026-02-06,5380,5410,5160,5380,314218,-0.00554528650646946
2026-02-09,5470,5520,5320,5380,210924,0.0
2026-02-10,5400,5470,5200,5310,299048,-0.013011152416356864
2026-02-11,5310,5350,5240,5280,120533,-0.005649717514124242
2026-02-12,5280,5330,4995,5060,433485,-0.04166666666666663
2026-02-13,5060,5070,4920,5050,178843,-0.0019762845849802257
2026-02-19,5050,5080,4725,4815,427424,-0.046534653465346576
2026-02-20,4810,4890,4730,4790,216502,-0.005192107995846351
2026-02-23,4795,4870,4765,4795,224117,0.0010438413361169019
2026-02-24,4800,4860,4650,4725,216436,-0.014598540145985384
2026-02-25,4730,4820,4710,4800,191028,0.015873015873015817
2026-02-26,4800,4900,4800,4890,139564,0.018750000000000044
2026-02-27,4895,5020,4840,4940,209649,0.010224948875255713
2026-03-03,4890,4970,4750,4840,165406,-0.020242914979757054
2026-03-04,4800,4800,4355,4460,236470,-0.07851239669421484
2026-03-05,4555,4665,4555,4610,178229,0.03363228699551568
2026-03-06,4610,4890,4580,4855,152383,0.05314533622559647
2026-03-09,4800,4800,4660,4720,128347,-0.02780638516992795
2026-03-10,4780,4900,4695,4795,159579,0.01588983050847448
2026-03-11,4820,4950,4810,4895,144087,0.02085505735140769
2026-03-12,4895,5050,4885,5050,186851,0.03166496424923393
2026-03-13,5020,5140,4980,5110,126859,0.011881188118811892
2026-03-16,5120,5190,5090,5170,131107,0.011741682974559797
2026-03-17,5200,5260,5150,5190,135605,0.003868471953578423
2026-03-18,5200,5210,5090,5150,132231,-0.0077071290944122905
